{
  "experiment": "12_jepa_real_data",
  "description": "JEPA temporal predictor: surprise vs rho on aligned Pleurotus embeddings",
  "config": {
    "epochs": 300,
    "k_ahead": 1,
    "hidden_dim": 64,
    "lr_init": 0.02,
    "lr_min": 0.0001,
    "momentum": 0.9,
    "weight_decay": 0.0001,
    "batch_size": 64,
    "val_frac": 0.2
  },
  "data": {
    "total_windows": 6507,
    "paired_windows": 6506,
    "channels": [
      "None"
    ]
  },
  "results": {
    "best_val_loss": 0.01523125171661377,
    "cosine_accuracy": 0.9518905625576392,
    "surprise_mean": 0.053309794337867485,
    "surprise_median": 0.0003592371940612793,
    "surprise_std": 0.18836756445775926,
    "H12a_hypothesis": "rs(surprise, rho) > 0: burst=choice-collapse=surprise",
    "H12a_rs_surprise_rho": 0.8785296108769866,
    "H12a_p": 0.0,
    "H12a_pass": true,
    "H12b_rs_surprise_borda": 0.7880133292611509,
    "H12b_p": 0.0,
    "H12c_rs_surprise_fmm": 0.7168096191207592,
    "H12c_p": 0.0,
    "H12d_cos_acc": 0.9518905625576392,
    "H12d_pass": true,
    "gate_open": true
  }
}