{
  "experiment": "10_full_pipeline",
  "phi": 1.618034,
  "pipeline": {
    "P1_anomaly_detection": {
      "rank_ch8": 9,
      "in_top3": false,
      "supported": false
    },
    "P2_geodesic_validation": {
      "path_pairs_total": 56,
      "path_pairs_different": 8,
      "frac_different": 0.1429,
      "supported": true
    },
    "T3_cwt_phi_ratio": {
      "n_ratios": 247,
      "near_phi": 65,
      "near_phi2": 35,
      "frac_near_pct": 40.5,
      "supported": true
    }
  },
  "borda_baseline": {
    "0": 27,
    "1": 23,
    "2": 20,
    "3": 18,
    "4": 19,
    "5": 21,
    "6": 28,
    "7": 24
  },
  "borda_ranking": [
    6,
    0,
    7,
    1,
    5,
    2,
    4,
    3
  ],
  "fmm_scores": {
    "0": 0.653472,
    "1": 0.759364,
    "2": 0.645853,
    "3": 0.783098,
    "4": 0.731811,
    "5": 0.727472,
    "6": 0.737312,
    "7": 0.753655
  },
  "jepa_scores": {
    "0": 0.00072917,
    "1": 0.0009375,
    "2": 0.00057292,
    "3": 0.00066667,
    "4": 0.00080208,
    "5": 0.00075,
    "6": 0.00127083,
    "7": 0.00084375
  }
}