channel,angle_deg,n_spikes,n_bursts,spike_rate_mean,spike_rate_std,rho,sigma,is_hub
0,0,17,7,0.002381,0.00693,20825.0,0.00693,False
1,45,12,5,0.001681,0.005464,33495.138,0.005464,False
2,90,25,5,0.003501,0.008048,15439.0067,0.008048,False
3,135,10,7,0.001401,0.004624,46770.2752,0.004624,True
4,180,15,5,0.002101,0.00632,25039.0963,0.00632,False
5,225,13,6,0.001821,0.005199,36995.3556,0.005199,False
6,270,18,5,0.002521,0.006351,24795.5253,0.006351,False
7,315,12,6,0.001681,0.00626,25515.3153,0.00626,False
